Patient,Mean Glucose (mg/dL),Time in Range (%),Time Hypo (%),Time Hyper (%)
adult#001,83.55245002540383,58.108108108108105,41.891891891891895,0.0
adult#002,66.02663004173422,33.0188679245283,66.98113207547169,0.0
adult#003,101.93114127182379,65.85365853658537,34.146341463414636,0.0
